{
    "0": [
        6.438844573088095,
        6.441032981846859,
        52.32673718846166,
        52.32550136249926,
        5.852799368237922,
        5.897342240340128,
        57.80626061840739,
        5.9320369368150665
    ],
    "1": [
        6.433961806046481,
        6.434708047318902,
        52.29100847295483,
        52.28375656518611,
        5.848636727096937,
        5.892105616916985,
        57.756296984907976,
        5.928606294677806
    ],
    "2": [
        6.431140224265983,
        6.431589659983966,
        52.317274259827954,
        52.3090129029456,
        5.8531251221163805,
        5.8954707680920855,
        57.73735201556318,
        5.932273687205719
    ],
    "3": [
        6.43519664266838,
        6.43705537888191,
        52.27093694092102,
        52.26812803283011,
        5.845581672736542,
        5.890355498876316,
        57.76746976953301,
        5.925540565387487
    ],
    "4": [
        6.431829098546476,
        6.433999002188586,
        52.29128958185183,
        52.289988071813646,
        5.849464214133066,
        5.893564897152591,
        57.74592593613638,
        5.9282652037282295
    ],
    "5": [
        6.431132549657591,
        6.4329717796771675,
        52.29983407248786,
        52.29716451927413,
        5.850825464661358,
        5.894437200100182,
        57.74052892440938,
        5.9295369983904145
    ],
    "6": [
        6.42915126356173,
        6.431628116658653,
        52.31203321109356,
        52.312343779864996,
        5.853255328925112,
        5.896762005249003,
        57.7297299150255,
        5.93096472811418
    ],
    "7": [
        6.429555374972784,
        6.431466429152672,
        54.65214852387595,
        55.750944585943806,
        17.59380466034717,
        8.075969239713567,
        57.730947749785585,
        5.931508519507886
    ],
    "8": [
        6.4330326729243295,
        6.434424040804976,
        61.384335211057554,
        64.42771068911428,
        43.27348955061895,
        24.691339623090048,
        57.7514493797203,
        16.345282626673534
    ],
    "9": [
        8.477364538918192,
        6.438670429096453,
        59.97553077160203,
        52.26477279567995,
        5.844438173734935,
        5.890317140868718,
        57.77409504414561,
        53.54132896649757
    ],
    "10": [
        63.749120222090305,
        15.837405211154856,
        52.26047842736935,
        52.26391661280233,
        5.8442911573529885,
        5.89031085452677,
        74.77096385311152,
        5.92356557322123
    ],
    "11": [
        23.77931426262706,
        6.441610911608526,
        52.24464935146495,
        52.256086418833874,
        5.842084691828928,
        5.889871708075268,
        62.25673046119131,
        5.920644289308958
    ],
    "12": [
        14.777804939334473,
        6.438588009662665,
        52.262642636012345,
        52.265061002531695,
        5.844556708750173,
        5.890388523876832,
        57.773423881075544,
        5.923908004814151
    ],
    "13": [
        6.435646923952106,
        6.438257591318985,
        52.26428688240327,
        52.264708490348596,
        5.844610358711029,
        5.890156168964356,
        57.773002660832645,
        5.924322473523181
    ],
    "14": [
        6.435050887856248,
        6.437834784198825,
        52.26694594283342,
        52.26802370172821,
        5.845209775162057,
        5.890706653606375,
        57.76956734773353,
        5.924637775703429
    ]
}