{
    "0": [
        6.438844573088095,
        6.441032981846859,
        52.32673718846166,
        52.32550136249926,
        5.852799368237922,
        5.897342240340128,
        57.80626061840739,
        5.9320369368150665
    ],
    "1": [
        6.433961806046481,
        6.434708047318902,
        52.29100847295483,
        52.28375656518611,
        5.848636727096937,
        5.892105616916985,
        57.756296984907976,
        5.928606294677806
    ],
    "2": [
        6.433311070216225,
        6.4371492263506855,
        52.27379848509548,
        52.27936449176511,
        5.846797681249833,
        5.892617000573048,
        57.76169994264942,
        5.925173507746869
    ],
    "3": [
        6.433667224937183,
        6.435608579947719,
        52.27697345367811,
        52.27460878830061,
        5.846871350728263,
        5.89135476169331,
        57.75685225806949,
        5.926404687825604
    ],
    "4": [
        6.431399894398963,
        6.4336638059312214,
        52.29436511426678,
        52.29347003472162,
        5.850033588923474,
        5.894078547678313,
        57.74349987206697,
        5.928645342195374
    ],
    "5": [
        6.432283438108593,
        6.434041007706729,
        52.2954871632684,
        52.29244342687761,
        5.849888865447997,
        5.893704551973097,
        57.74840603893729,
        5.9289267605306195
    ],
    "6": [
        6.428910807779865,
        6.431315596830124,
        52.31436348424595,
        52.314476718471475,
        5.8536399731594235,
        5.89703534088356,
        57.72793508538291,
        5.93127881429928
    ],
    "7": [
        6.4281128477651635,
        6.430452606751007,
        55.62562629314408,
        56.2029165988457,
        19.140625131241325,
        10.483326944298726,
        57.72265152390219,
        5.932272159020159
    ],
    "8": [
        6.42921662673959,
        6.4310440309614405,
        73.64623320066944,
        80.35567039545981,
        80.84949589557225,
        42.82599021978564,
        57.72891678505821,
        28.789068355489828
    ],
    "9": [
        6.4926908982694576,
        6.496098512616443,
        5231.750708910533,
        17199.703461611374,
        4673314.343839272,
        2612.7230678471856,
        58.151349716908584,
        946.5067259264183
    ]
}